Wind_[m/s],Pitch_[deg],Rotor_Speed_[rpm],Torque_[MNm],Flapwise_Moment_[MNm],CP_[-],CT_[-],CQ_[-],CFlap_[-],TSR_[-],Aero_Power_[MW],Aero_Torque_[MNm],Aero_Thrust_[MN],Aero_CP_[-],Aero_CT_[-],Aero_CQ_[-],Tip_Speed_[m/s],R_ref_[m],Power_[MW],Thrust_[MN],RtAeroCp_[-],GenSpeed_[rpm],RtAeroCt_[-],GenTorque_[MNm],RtTSR_[-],TTDspFA_[m],TTDspSS_[m]
2.0,0.0,3.4378,0.0647,0.7967,0.36240361195119813,3.9880795668113747,0.033713793189917664,0.41514341629686874,11.329379674832103,0.0221,0.0613,0.0282,0.36240361195119813,0.9248671363822432,0.03194212554160669,22.658759349664205,62.9400236458565,0.0221,0.1216,0.371,333.4689,0.9393,0.0007,11.4314,0.002,-0.0006
2.25,0.0,3.4331,0.0972,0.8381,0.38006389633896576,3.2884164849146424,0.04001884570302437,0.3450596150586906,10.056791710891613,0.0349,0.0972,0.0334,0.4019463630978759,0.8655091457537356,0.04001884570302437,22.62778134950613,62.9400236458565,0.033,0.1269,0.414,333.0069,0.8827,0.001,10.1582,0.005,-0.001
2.5,0.0,3.4331,0.1423,0.9322,0.4055247222673461,2.787457718276582,0.04745568119616973,0.31087973303632765,9.051112539802451,0.0513,0.1427,0.0392,0.4307125932156285,0.8228037843105573,0.04758907734851315,22.62778134950613,62.9400236458565,0.0483,0.1328,0.4414,333.0125,0.8364,0.0015,9.1303,0.0084,-0.0016
2.75,0.0,3.4333,0.1963,0.9948,0.42011324947548345,2.4060314741919866,0.054102613026884884,0.27417870320501825,8.228763477192297,0.0706,0.1965,0.045,0.445345276471008,0.7806158351740403,0.05415773540388629,22.629099562278817,62.9400236458565,0.0666,0.1387,0.4582,333.0294,0.7958,0.002,8.3103,0.0117,-0.0022
3.0,0.0,3.4332,0.258,1.0746,0.42562837482051225,2.1077350342139063,0.059750359903821104,0.2488671967156828,7.542813485297491,0.0928,0.258,0.0509,0.45089398611122755,0.74193439309466,0.059750359903821104,22.628440455892473,62.9400236458565,0.0876,0.1446,0.4626,333.0196,0.7555,0.0027,7.6133,0.0151,-0.003
3.25,0.0,3.6788,0.3068,1.2214,0.4264855709040073,1.902752381300226,0.0605413306789343,0.24102079951515762,7.460678689461029,0.1181,0.3067,0.0595,0.45132568032045933,0.7389932551394481,0.06052159752030362,24.247205740748345,62.9400236458565,0.1116,0.1532,0.4642,356.8394,0.752,0.0032,7.5348,0.02,-0.0035
3.5,0.0,3.9617,0.3559,1.3618,0.4265293015294657,1.744517082259863,0.060555727830384244,0.2317077554352831,7.460519345059938,0.1476,0.3557,0.069,0.4516192604429637,0.7389298875133858,0.06052169819968439,26.111817707709783,62.9400236458565,0.1394,0.1629,0.4636,384.2868,0.7515,0.0037,7.5317,0.0254,-0.0041
3.75,0.0,4.2445,0.4086,1.499,0.4266389992721409,1.6148223930176586,0.06056185316391022,0.2221787026253094,7.460205484875965,0.1813,0.408,0.0791,0.4510183706591203,0.7379113303737539,0.06047292239568127,27.97577056828487,62.9400236458565,0.1715,0.1731,0.4637,411.7178,0.7518,0.0042,7.5349,0.0312,-0.0047
4.0,0.0,4.5272,0.4649,1.6528,0.42656216994934576,1.5102883556880247,0.060562374242630314,0.21530972714179258,7.459766080618403,0.2201,0.4643,0.0901,0.45115970017227774,0.7387458243620577,0.06048421243461659,29.83906432247361,62.9400236458565,0.2081,0.1842,0.4636,439.1378,0.7517,0.0048,7.5336,0.0374,-0.0053
4.25,0.0,4.8099,0.5249,1.8281,0.4265481096879896,1.4235359590148051,0.060570623153164624,0.2109528599472285,7.459378370979378,0.2642,0.5245,0.1017,0.4514984398219826,0.7386408522030902,0.06052446531498351,31.702358076662357,62.9400236458565,0.2496,0.196,0.4638,466.563,0.752,0.0054,7.5331,0.044,-0.006
4.5,0.0,5.0926,0.5884,2.0188,0.42656413820164985,1.3507384497728583,0.060563500029988525,0.2077933274312387,7.459033740189134,0.3138,0.5884,0.1141,0.4517577676938161,0.7391810893001589,0.060563500029988525,33.5656518308511,62.9400236458565,0.2963,0.2085,0.4636,493.9808,0.7518,0.0061,7.5304,0.051,-0.0067
4.75,0.0,5.3753,0.6556,2.2112,0.42646907899021125,1.289046858087304,0.060564070274475475,0.20426978674637,7.458725386324178,0.3688,0.6552,0.1271,0.451440287978157,0.7390070169729198,0.060527118431721066,35.42894558503985,62.9400236458565,0.3484,0.2217,0.4641,521.4086,0.7524,0.0068,7.5342,0.0584,-0.0075
5.0,0.0,5.6578,0.7263,2.396,0.42640966526196356,1.2363046657115262,0.060553515904388754,0.19976073813426332,7.458184225291182,0.4303,0.7263,0.1409,0.45159753621024595,0.739368961794372,0.060553515904388754,37.29092112645591,62.9400236458565,0.4063,0.2356,0.4632,548.8114,0.7516,0.0075,7.5284,0.0662,-0.0083
5.25,0.0,5.9405,0.8007,2.6026,0.4262799884779314,1.1913310843452527,0.0605500562252676,0.19681225968762514,7.457945691551363,0.4982,0.8009,0.1554,0.4516645900886972,0.7396438294336886,0.060565180505578645,39.15421488064466,62.9400236458565,0.4702,0.2503,0.4637,576.2309,0.7522,0.0083,7.5305,0.0744,-0.0091
5.5,0.0,6.2231,0.8786,2.8213,0.42618470597128155,1.150974681417724,0.06053815054179961,0.19439595279260102,7.457609005172193,0.5725,0.8786,0.1705,0.4514167329668061,0.7394166660954105,0.06053815054179961,41.01684952844706,62.9400236458565,0.5405,0.2654,0.4636,603.6364,0.7521,0.0091,7.5306,0.0829,-0.01
5.75,0.0,6.5056,0.96,3.0408,0.4261809018289688,1.1165511790873752,0.06051999350173819,0.1916970794167557,7.4571869686718495,0.654,0.9599,0.1863,0.4512990767424637,0.7392092560908956,0.060513689335748425,42.87882506986313,62.9400236458565,0.6176,0.2814,0.4637,631.0398,0.7524,0.0099,7.5318,0.0918,-0.0103
6.0,0.0,6.788,1.0454,3.2998,0.4260535173181925,1.0873930397811717,0.06052618822040173,0.1910506178397567,7.456690250815474,0.7432,1.0455,0.2029,0.45137986325143364,0.7393835381085782,0.06053197798395831,44.74014150489285,62.9400236458565,0.7015,0.2984,0.4637,658.4394,0.7525,0.0108,7.531,0.1016,-0.012
6.25,0.0,7.0702,1.1341,3.511,0.4258966722903169,1.0605772860623428,0.06051383054906659,0.18734155635109143,7.45602235634398,0.8399,1.1344,0.2201,0.45131291326853035,0.7391800527622598,0.0605298380873478,46.60013972714987,62.9400236458565,0.7926,0.3158,0.4635,685.8102,0.7523,0.0117,7.5292,0.1111,-0.0129
6.5,0.0,7.3521,1.2263,3.805,0.42576902928622506,1.0367640667691669,0.060496931072015266,0.1877116714743685,7.455101635422752,0.9443,1.2265,0.238,0.4510868331145319,0.7389932551394481,0.06050679765133061,48.45816063024789,62.9400236458565,0.8913,0.3339,0.4632,713.1563,0.752,0.0126,7.5272,0.1213,-0.0139
6.75,0.0,7.634,1.3222,4.0362,0.42557772096227403,1.0155192139299487,0.06048573135406816,0.1846411351469444,7.454249116051245,1.0578,1.3232,0.2567,0.45121390521589,0.7391091075016099,0.060531477634021315,50.316181533345905,62.9400236458565,0.9977,0.3527,0.463,740.4973,0.7518,0.0136,7.5245,0.1317,-0.015
7.0,0.0,7.9156,1.4215,4.3122,0.42538189487183625,0.9964844352626167,0.060466400049797135,0.18342821687987,7.453175016754984,1.1792,1.4225,0.276,0.45100731022556134,0.7389298875133858,0.06050893708817195,52.17222511728489,62.9400236458565,1.1122,0.3722,0.463,767.8143,0.7519,0.0147,7.5239,0.1427,-0.0161
7.25,0.0,8.197,1.5243,4.6122,0.4251853897005966,0.9793619262887437,0.06044463585525174,0.18289231089128916,7.451993170820852,1.309,1.525,0.2959,0.45062559721324663,0.7385147655169196,0.06047239367529942,54.02695048845118,62.9400236458565,1.2351,0.3924,0.4631,795.1088,0.752,0.0157,7.5244,0.154,-0.0173
7.5,0.0,8.478,1.6305,4.888,0.4249287117386155,0.9639025058263985,0.06041734066553819,0.18112233129294736,7.450538591209615,1.4486,1.6316,0.3166,0.45045864019360293,0.7383777724283517,0.06045810060097645,55.87903943407211,62.9400236458565,1.3665,0.4133,0.4626,822.3633,0.7514,0.0168,7.5201,0.1657,-0.0185
7.75,0.0,8.7588,1.7403,5.1728,0.4246593931598119,0.9494595474521631,0.06039264410073995,0.1795087452762786,7.449007763473595,1.5966,1.7407,0.3378,0.44996760493692306,0.7378132853216948,0.06040652507392866,57.729810166920366,62.9400236458565,1.5068,0.4347,0.4628,849.6033,0.7516,0.0179,7.5214,0.1778,-0.0197
8.0,0.0,9.0391,1.8534,5.4771,0.42433301877289253,0.9365509632381359,0.060360456238594866,0.17837501611330958,7.4471606709796125,1.755,1.8541,0.3597,0.44967359938797563,0.7373109684323866,0.06038325343259887,59.5772853678369,62.9400236458565,1.6561,0.4569,0.4624,876.7906,0.7511,0.0191,7.5175,0.1901,-0.0209
8.25,0.0,9.3191,1.9701,5.7913,0.42399150547664743,0.9245960892172521,0.06033144162804431,0.1773501232934841,7.4451858484356865,1.9238,1.9713,0.3823,0.4494571623517602,0.736862799474162,0.060368189879378586,61.42278324959442,62.9400236458565,1.8148,0.4797,0.4623,903.9484,0.7509,0.0203,7.5148,0.2029,-0.0223
8.5,0.0,9.5987,2.0901,6.1099,0.42362157267740996,0.91367767165338,0.060296560988964264,0.1762623596892363,7.443017024212537,2.1026,2.0918,0.4055,0.44914866557991134,0.7362803971690095,0.0603456036920317,63.265644705806565,62.9400236458565,1.9831,0.5032,0.4619,931.0724,0.7503,0.0215,7.5105,0.2159,-0.0236
8.75,0.0,9.8777,2.2132,6.4232,0.4232149791520144,0.9031650868598392,0.060251502931927575,0.17486329912902457,7.440520174137217,2.2897,2.2136,0.4291,0.44837837209160064,0.7352459472046234,0.060262392413751524,65.10455152370065,62.9400236458565,2.1612,0.5271,0.4615,958.1383,0.7497,0.0228,7.5083,0.2294,-0.025
9.0,0.0,10.1563,2.3399,6.7296,0.4227491028785504,0.893528060838952,0.06021096776009949,0.17316796813469187,7.437869101783265,2.4893,2.3406,0.4535,0.4479607278203539,0.7344842769448336,0.060228980357831044,66.94082191604939,62.9400236458565,2.3492,0.5517,0.4613,985.1652,0.7492,0.0241,7.5047,0.2432,-0.0264
9.25,0.0,10.4344,2.4697,7.0697,0.4222593017902811,0.884672603917636,0.06016224935035262,0.17221891494197186,7.435005056915286,2.6999,2.4709,0.4785,0.44752027042338766,0.733649637737589,0.06019148152398522,68.7737967764664,62.9400236458565,2.5475,0.577,0.4608,1012.1338,0.7484,0.0255,7.4992,0.2572,-0.0279
9.5,0.0,10.7119,2.603,7.434,0.421710472375474,0.8762262585194258,0.06011602918107827,0.17168749939767033,7.4318754735331956,2.9216,2.6045,0.504,0.44703360403910775,0.7326112048669386,0.060150671533660535,70.60281699856536,62.9400236458565,2.7561,0.6028,0.4604,1039.0514,0.7476,0.0268,7.4946,0.2716,-0.0294
9.75,0.0,10.9889,2.7391,7.7424,0.4211495473997324,0.8680238234971296,0.06005677200589198,0.1697577859802191,7.4285683783315495,3.1528,2.7397,0.5299,0.44624442716917373,0.7312652210987741,0.060069927444979104,72.42854168873261,62.9400236458565,2.9755,0.629,0.4601,1065.92,0.7469,0.0282,7.4914,0.2864,-0.031
10.0,0.0,11.2652,2.8783,8.1148,0.42053249537403103,0.8604544039051253,0.05999283520157034,0.16913798391192825,7.424965263419549,3.3965,2.8792,0.5565,0.44557606081167217,0.7300546970166217,0.06001159403549363,74.24965263419548,62.9400236458565,3.2056,0.6559,0.4597,1092.7274,0.746,0.0297,7.4861,0.3014,-0.0326
10.25,0.0,11.5408,3.0208,8.4474,0.4198770321452331,0.8533309045239029,0.05992907450907001,0.16758635593482454,7.421087788775995,3.6538,3.0233,0.5837,0.4451059564372451,0.7288399897140798,0.05997867153180328,76.06614983495395,62.9400236458565,3.4467,0.6834,0.4593,1119.458,0.745,0.0311,7.4798,0.3167,-0.0342
10.5,0.0,11.8159,3.1669,8.812,0.419185898920637,0.8463781465189554,0.059871354146309466,0.16659394762615778,7.417081095598159,3.9194,3.1675,0.6112,0.44416253371980124,0.7272688361484402,0.05988269735654275,77.87935150378067,62.9400236458565,3.699,0.7113,0.4588,1146.1455,0.7441,0.0326,7.4753,0.3323,-0.0359
10.75,0.0,12.0903,3.3156,9.1668,0.41846200630870467,0.8395956982760789,0.059801011723881206,0.16533475517869292,7.4128315746886555,4.1989,3.3165,0.6393,0.4434047791378656,0.7257348971172218,0.0598172443546423,79.68793942790305,62.9400236458565,3.9627,0.7396,0.4583,1172.7562,0.7429,0.0342,7.4692,0.3482,-0.0376
11.0,0.0,12.1,3.5501,9.4153,0.41855596030935344,0.8251759890985585,0.0611531095602216,0.16218553630668275,7.250170249761657,4.4996,3.5511,0.6605,0.4434922994885242,0.7161066099061856,0.06117033530303455,79.75187274737823,62.9400236458565,4.2466,0.7611,0.4586,1173.6993,0.7334,0.0366,7.304,0.3604,-0.0402
11.25,0.0,12.1,3.796,9.6563,0.4183651234197192,0.8109872522607459,0.06251503633279033,0.1590263291202116,7.089055355322509,4.8113,3.7971,0.6816,0.4432973150195554,0.7065042320308338,0.06253315185965179,79.75187274737823,62.9400236458565,4.5407,0.7824,0.4586,1173.7003,0.7239,0.0391,7.1404,0.3725,-0.0431
11.5,0.0,12.1,4.0483,9.8956,0.4177017926462884,0.7972389682236349,0.06380288794090799,0.15595876242078135,6.934945456293759,5.131,4.0494,0.7027,0.44258707239403317,0.6970509182166832,0.06382022439737986,79.75187274737823,62.9400236458565,4.8425,0.8037,0.4581,1173.701,0.7144,0.0417,6.9839,0.3846,-0.0459
11.75,1.1488,12.1,4.18,9.4205,0.4043399334810586,0.7303228312528228,0.06310501548160626,0.14222028668528033,6.787393425308785,5.2978,4.181,0.6679,0.42842241991919044,0.6346378076941978,0.06312011237526215,79.75187274737823,62.9400236458565,5.0,0.7686,0.4429,1173.7027,0.6498,0.0431,6.8387,0.3656,-0.0476
12.0,2.4931,12.1,4.18,8.7505,0.37959151578598765,0.6547498137489344,0.060503029166175434,0.12665831500445413,6.645989395614852,5.2977,4.1809,0.6186,0.40219239463588535,0.5635567479965087,0.06051605613417774,79.75187274737823,62.9400236458565,5.0,0.7187,0.4152,1173.702,0.5762,0.0431,6.7002,0.3384,-0.0478
12.25,3.4797,12.1,4.1801,8.2875,0.35682228419964424,0.5988369984580529,0.05806010583201867,0.1151104344591887,6.510356958969651,5.2976,4.1809,0.5852,0.3780603465552071,0.5115903817483979,0.05807121754816556,79.75187274737823,62.9400236458565,5.0,0.685,0.3899,1173.7019,0.5226,0.0431,6.5659,0.3201,-0.048
12.5,4.3046,12.1,4.1801,7.9325,0.3358382793104316,0.5534614843035912,0.055760925641070734,0.10581649784641362,6.380149819790258,5.2975,4.1808,0.5597,0.35582065692940223,0.46992171232512137,0.05577026337173476,79.75187274737823,62.9400236458565,5.0,0.6592,0.3668,1173.702,0.4798,0.0431,6.4362,0.3062,-0.0481
12.75,5.0313,12.1,4.1801,7.6204,0.31646791139006825,0.5142160505012663,0.05359566093912988,0.09770588613204118,6.255048842931626,5.2974,4.1807,0.5379,0.33529142275954954,0.4340816283186302,0.05360335391216006,79.75187274737823,62.9400236458565,5.0,0.6372,0.3454,1173.7027,0.443,0.0431,6.3114,0.2944,-0.0482
13.0,5.6907,12.1,4.1801,7.3471,0.2985590074092793,0.47987986378908276,0.05155411024507279,0.09061343110968022,6.134759442106017,5.2973,4.1806,0.5192,0.3163113259898351,0.4030307752819343,0.05156027685714487,79.75187274737823,62.9400236458565,5.0,0.6182,0.3257,1173.7019,0.4111,0.0431,6.1911,0.2843,-0.0483
13.25,6.3008,12.1,4.1801,7.1053,0.28197629528942647,0.4494631652839636,0.0496270253124517,0.08435561420840722,6.019009263953074,5.2971,4.1805,0.5026,0.2987313267555242,0.3755614079330343,0.049631774196479586,79.75187274737823,62.9400236458565,5.0,0.6015,0.3075,1173.7021,0.3829,0.0431,6.0752,0.2754,-0.0484
13.5,6.8727,12.1,4.1801,6.8836,0.2665992538853576,0.42217324849015797,0.04780600620805104,0.07872477317139305,5.907546129435424,5.297,4.1803,0.4877,0.2824352495661478,0.3510552315237,0.04780829352204869,79.75187274737823,62.9400236458565,5.0,0.5865,0.2906,1173.7027,0.3579,0.0431,5.9635,0.2674,-0.0484
13.75,7.4139,12.1,4.1801,6.6796,0.25232026995524537,0.39752427730774015,0.04608340962071961,0.07363908588372496,5.800136199809326,5.2968,4.1802,0.4742,0.26729800117978875,0.3290382480351377,0.046084512068259635,79.75187274737823,62.9400236458565,5.0,0.5729,0.275,1173.7028,0.3354,0.0431,5.8556,0.2602,-0.0485
14.0,7.9298,12.1,4.1801,6.4929,0.23904305367280854,0.37508723637907737,0.044452268527639296,0.06904718411595635,5.696562339098445,5.2966,4.18,0.4619,0.25322308761667955,0.3091591621761168,0.044451205101679915,79.75187274737823,62.9400236458565,5.0,0.5604,0.2605,1173.7025,0.315,0.0431,5.7516,0.2537,-0.0486
14.25,8.4243,12.1,4.1801,6.317,0.22668127258483822,0.3546122489871804,0.042906221638250794,0.06484021963322174,5.596622648938823,5.2964,4.1799,0.4505,0.2401189384236674,0.2910417529034884,0.042904168758097765,79.75187274737823,62.9400236458565,5.0,0.5489,0.2469,1173.7032,0.2965,0.0431,5.6511,0.2477,-0.0487
14.5,8.9017,12.1,4.1801,6.1502,0.2151573707091514,0.3357509254179237,0.04143945127903592,0.06097005173472565,5.500129154991602,5.2962,4.1798,0.4399,0.2279032933499615,0.27447840938737156,0.04143647722688795,79.75187274737823,62.9400236458565,5.0,0.5381,0.2343,1173.7028,0.2796,0.0431,5.554,0.2422,-0.0487
14.75,9.3641,12.1,4.1801,5.9942,0.20440154501581925,0.3183758465166401,0.04004662858450929,0.05742625799891523,5.406906626940897,5.2961,4.1797,0.4299,0.2165062045116561,0.2592230613967871,0.04004279646292516,79.75187274737823,62.9400236458565,5.0,0.528,0.2226,1173.7034,0.264,0.0431,5.4601,0.237,-0.0488
15.0,9.8169,12.1,4.1801,5.8412,0.1943508560824257,0.3021961461225637,0.03872286502852134,0.05411066701863564,5.3167915164918815,5.2961,4.1797,0.4202,0.20586031377962694,0.2449986891775058,0.03871915957984513,79.75187274737823,62.9400236458565,5.0,0.5183,0.2116,1173.703,0.2495,0.0431,5.3693,0.2319,-0.0489
15.25,10.2577,12.1,4.18,5.694,0.18494845345559294,0.2871232265671353,0.03746277323269772,0.0510318255471246,5.229630999828081,5.2961,4.1797,0.4111,0.19590110086923315,0.2318985431075625,0.03746008451691547,79.75187274737823,62.9400236458565,5.0,0.509,0.2013,1173.7028,0.2361,0.0431,5.2814,0.2272,-0.0489
15.5,10.6883,12.1,4.18,5.5546,0.1761428993395822,0.27313070257394295,0.03626404245548081,0.04818953354622338,5.145282112734079,5.2962,4.1797,0.4024,0.18657760469645904,0.21972769835216843,0.036261439773007935,79.75187274737823,62.9400236458565,5.0,0.5002,0.1917,1173.7034,0.2237,0.0431,5.1963,0.2227,-0.049
15.75,11.1071,12.1,4.18,5.4217,0.16788757679077912,0.2601921665103495,0.035121939833426104,0.045555172534661806,5.063610968087507,5.2963,4.1798,0.3942,0.1778365945914007,0.20847104072841416,0.03512025935783599,79.75187274737823,62.9400236458565,5.0,0.492,0.1827,1173.703,0.2122,0.0431,5.114,0.2186,-0.0491
16.0,11.5169,12.1,4.18,5.2921,0.16014017072221354,0.24807634126919542,0.03403295390597369,0.043087510853063005,4.984492046711139,5.2963,4.1799,0.3864,0.16963007723921192,0.1980101182946026,0.034032139720473545,79.75187274737823,62.9400236458565,5.0,0.4841,0.1743,1173.7027,0.2015,0.0431,5.0341,0.2146,-0.0491
16.25,11.916,12.1,4.18,5.1711,0.152862211793551,0.23682560317645374,0.03299384123050135,0.040816854638049176,4.9078075536848145,5.2964,4.1799,0.3791,0.16192388370867272,0.18833770959553936,0.03299305190415613,79.75187274737823,62.9400236458565,5.0,0.4767,0.1663,1173.7027,0.1917,0.0431,4.9567,0.211,-0.0492
16.5,12.3063,12.1,4.1799,5.0558,0.14601867474261884,0.2263304060378066,0.032000836615027464,0.038706626894963,4.833446833174438,5.2966,4.18,0.3723,0.15468050252835097,0.17939708360203407,0.03200160220359692,79.75187274737823,62.9400236458565,5.0,0.4697,0.1589,1173.7021,0.1825,0.0431,4.8817,0.2076,-0.0492
16.75,12.689,12.1,4.1799,4.9426,0.13957762395575235,0.21658539064462004,0.03105271648363993,0.036718858463608874,4.761305835664372,5.2966,4.1801,0.3657,0.1478573686088076,0.17099584922007244,0.031054202295093973,79.75187274737823,62.9400236458565,5.0,0.4632,0.1519,1173.7015,0.174,0.0431,4.8088,0.2044,-0.0493
17.0,13.0641,12.1,4.1799,4.8354,0.13350990011768507,0.20740228943681902,0.030146116845817392,0.034873689178273506,4.691286632198719,5.2967,4.1802,0.3596,0.14143237759066848,0.16323454427988646,0.030148280494482132,79.75187274737823,62.9400236458565,5.0,0.4569,0.1453,1173.7006,0.1661,0.0431,4.7381,0.2014,-0.0493
17.25,13.4312,12.1,4.1799,4.7346,0.12778884266124807,0.19883304973876897,0.029278648245129102,0.03316411588348722,4.623296970862506,5.2968,4.1802,0.3538,0.13537438836161975,0.15598033924074603,0.029280749633792357,79.75187274737823,62.9400236458565,5.0,0.451,0.139,1173.7004,0.1587,0.0431,4.6695,0.1986,-0.0494
17.5,13.7812,12.1,4.1799,4.644,0.12239004348047798,0.19113653090346247,0.02844809067246115,0.03160672099402129,4.557249871278756,5.2967,4.1802,0.349,0.12965266866060954,0.14949943811140384,0.02845013245030314,79.75187274737823,62.9400236458565,5.0,0.4462,0.1331,1173.699,0.1521,0.0431,4.6028,0.1964,-0.0494
17.75,14.1251,12.1,4.1799,4.5593,0.11729112800054746,0.18391659389433845,0.02765237934835541,0.030162322821827518,4.493063253373421,5.2968,4.1802,0.3445,0.12425352935865995,0.14344411726646955,0.0276543640163629,79.75187274737823,62.9400236458565,5.0,0.4417,0.1276,1173.6988,0.1459,0.0431,4.538,0.1943,-0.0495
18.0,14.4685,12.1,4.1799,4.4792,0.11247156023288522,0.17706172784342655,0.026889591877905024,0.028815009913996072,4.430659597076568,5.2968,4.1802,0.3401,0.11914787204830929,0.13770567948673534,0.026891521799090545,79.75187274737823,62.9400236458565,5.0,0.4373,0.1223,1173.6984,0.1401,0.0431,4.4749,0.1924,-0.0495
18.25,14.8068,12.1,4.18,4.3983,0.10791246889931275,0.1705896495230671,0.0261585624317636,0.027524690225747814,4.369965629993327,5.2967,4.1802,0.336,0.11431599480379796,0.13234385185811715,0.026159814037621583,79.75187274737823,62.9400236458565,5.0,0.4331,0.1174,1173.6968,0.1346,0.0431,4.4136,0.1906,-0.0496
18.5,15.1401,12.1,4.18,4.3235,0.10359649209771372,0.16451537331085328,0.02545635120505263,0.026330271395943794,4.310912040398823,5.2967,4.1802,0.3321,0.10974390793879205,0.12729626159490767,0.025457569212287326,79.75187274737823,62.9400236458565,5.0,0.4292,0.1127,1173.6968,0.1295,0.0431,4.3539,0.1889,-0.0496
18.75,15.4686,12.1,4.18,4.2515,0.09950763831420195,0.15873956002073067,0.02478204074646546,0.025205944075023422,4.253433213193506,5.2966,4.1801,0.3284,0.1054104314190004,0.1225436565839397,0.02478263361825366,79.75187274737823,62.9400236458565,5.0,0.4254,0.1082,1173.6962,0.1247,0.0431,4.2959,0.1873,-0.0497
19.0,15.7929,12.1,4.1801,4.1785,0.09563116187172863,0.15331779133599277,0.02413474967151607,0.02412551171082746,4.197466986704117,5.2966,4.1801,0.3248,0.10130400239395956,0.11803180522856234,0.02413474967151607,79.75187274737823,62.9400236458565,5.0,0.4219,0.104,1173.697,0.1201,0.0431,4.2393,0.1859,-0.0497
19.25,16.1131,12.1,4.1801,4.1128,0.09195345114987076,0.1481576993289505,0.02351194368404062,0.02313339919708195,4.142954428435233,5.2965,4.18,0.3215,0.09740629080305808,0.11381768299703128,0.02351138121080591,79.75187274737823,62.9400236458565,5.0,0.4185,0.1,1173.6969,0.1158,0.0431,4.1842,0.1845,-0.0498
19.5,16.4297,12.1,4.1802,4.0483,0.08846192812126795,0.14331363127214133,0.02291348602999431,0.02219048502349791,4.089839628070679,5.2964,4.1799,0.3184,0.09370595122029671,0.10984848386386568,0.02291184160010842,79.75187274737823,62.9400236458565,5.0,0.4154,0.0962,1173.6965,0.1118,0.0431,4.1305,0.1833,-0.0499
19.75,16.7428,12.1,4.1802,3.9831,0.08514495793193631,0.1386994335719656,0.022337069220715492,0.021283857330518127,4.038069506196366,5.2963,4.1799,0.3154,0.09019064813898287,0.1060761429403442,0.02233546615847775,79.75187274737823,62.9400236458565,5.0,0.4124,0.0926,1173.6975,0.1079,0.0431,4.0782,0.1822,-0.0499
20.0,17.0526,12.1,4.1802,3.9258,0.08199176740977333,0.13430251501720872,0.021782132657263344,0.020456508393350663,3.9875936373689114,5.2962,4.1798,0.3126,0.0868489597111283,0.10252250596918057,0.02178004834238298,79.75187274737823,62.9400236458565,5.0,0.4095,0.0892,1173.6969,0.1043,0.0431,4.0272,0.1812,-0.0499
20.25,17.3596,12.1,4.1802,3.8685,0.07899237152158743,0.1301750836871424,0.021247622162244382,0.019663275999866607,3.938364086290283,5.2962,4.1798,0.3099,0.08367187961052627,0.09914293053488678,0.021245588994246466,79.75187274737823,62.9400236458565,5.0,0.4069,0.0859,1173.6972,0.1009,0.0431,3.9774,0.1803,-0.05
20.5,17.6641,12.1,4.1802,3.8109,0.07613750691698457,0.1262390319686371,0.020732547442963323,0.018900929393423506,3.89033525596967,5.2962,4.1797,0.3074,0.08064789282674673,0.09595914546775232,0.020730067591826662,79.75187274737823,62.9400236458565,5.0,0.4044,0.0828,1173.6984,0.0976,0.0431,3.9288,0.1794,-0.05
20.75,17.9662,12.1,4.1801,3.7593,0.07341857179999536,0.12245373462663525,0.02023549341017228,0.01819843792657129,3.8434637468616013,5.2961,4.1797,0.305,0.07776641962199109,0.09292955725584412,0.02023355704564414,79.75187274737823,62.9400236458565,5.0,0.4019,0.0798,1173.698,0.0945,0.0431,3.8815,0.1786,-0.0501
21.0,18.2658,12.1,4.1801,3.7022,0.07082757145860993,0.11878208699037639,0.01975656379006191,0.01749784705235932,3.79770822606563,5.2961,4.1797,0.3024,0.07502198024038881,0.0899566819581513,0.019754673255023027,79.75187274737823,62.9400236458565,5.0,0.3993,0.077,1173.6984,0.0915,0.0431,3.8352,0.1777,-0.0501
21.25,18.5701,12.1,4.18,3.6461,0.06835706886025475,0.1152773609259336,0.019293976359704944,0.01682960937921536,3.7530293057589756,5.2965,4.18,0.2999,0.07241064304366786,0.08712621104255919,0.019293976359704944,79.75187274737823,62.9400236458565,5.0,0.3968,0.0743,1173.6988,0.0887,0.0431,3.79,0.1768,-0.0501
21.5,18.8725,12.1,4.18,3.5964,0.06600013978927005,0.11190257701130947,0.01884788793927369,0.016216398130335864,3.7093894301106154,5.2961,4.1797,0.2974,0.06990866806759062,0.08440229876531431,0.018846535220043602,79.75187274737823,62.9400236458565,5.0,0.3943,0.0718,1173.6984,0.0859,0.0431,3.7459,0.1759,-0.0501
21.75,19.1708,12.1,4.18,3.544,0.06375033206197078,0.10870706623207257,0.01841709330147552,0.015614875277614654,3.6667527699944014,5.2964,4.18,0.2952,0.06752945174660441,0.08186307640741793,0.01841709330147552,79.75187274737823,62.9400236458565,5.0,0.392,0.0693,1173.6974,0.0833,0.0431,3.7027,0.1751,-0.0501
22.0,19.4769,12.0999,4.18,3.4931,0.061601628407042315,0.10557287076398914,0.018000901239523272,0.015042810554970993,3.6250551654996315,5.297,4.1805,0.2928,0.06526076513442063,0.07936260990936077,0.018003054457374896,79.75121364099189,62.9400236458565,5.0,0.3895,0.067,1173.6862,0.0807,0.0431,3.6606,0.1741,-0.0501
22.25,19.7835,12.0999,4.18,3.4489,0.059548412644816924,0.1026307959671523,0.017598659159054186,0.014520577888435884,3.5843242085839053,5.298,4.1812,0.2905,0.06309749803844801,0.07697972173627096,0.01760371140570272,79.75121364099189,62.9400236458565,5.0,0.3873,0.0648,1173.6903,0.0783,0.0431,3.6194,0.1734,-0.0502
22.5,20.0866,12.1,4.1799,3.4015,0.05758543883923724,0.09976677278897851,0.017209338801859216,0.014004537413460638,3.5445276776612546,5.296,4.1796,0.2882,0.06099449681852008,0.07468255563060677,0.017208103652300476,79.75187274737823,62.9400236458565,5.0,0.385,0.0626,1173.6938,0.076,0.0431,3.5791,0.1726,-0.0502
22.75,20.3891,12.0999,4.18,3.3557,0.05570780313176057,0.09705385607713761,0.016833592464541507,0.013513991921833,3.505547852351292,5.297,4.1805,0.2861,0.05901684663778715,0.07251791126578498,0.016835606052156886,79.75121364099189,62.9400236458565,5.0,0.3829,0.0606,1173.6836,0.0738,0.0431,3.5397,0.1718,-0.0501
23.0,20.694,12.1,4.1801,3.3146,0.05391091799771403,0.09443467683823573,0.016470027658633844,0.013059867868545664,3.4674727281468796,5.2995,4.1824,0.2842,0.057140181985777104,0.07047882131677151,0.01647908989724413,79.75187274737823,62.9400236458565,5.0,0.3808,0.0587,1173.6937,0.0717,0.0431,3.5011,0.1711,-0.0501
23.25,21.0021,12.1,4.1802,3.2713,0.05219048869320954,0.09190510201675081,0.016118123367613067,0.012613563220054691,3.4301880751560527,5.2934,4.1776,0.2818,0.055253026569727075,0.06838885066892099,0.016108098220310115,79.75187274737823,62.9400236458565,5.0,0.3787,0.0567,1173.6929,0.0696,0.0431,3.4635,0.1706,-0.0502
23.5,21.2925,12.1,4.1802,3.228,0.05054249168513233,0.08953248604579396,0.015777008715084362,0.01218319318030054,3.3936967126543927,5.2984,4.1815,0.2802,0.05355886758890102,0.06656142899981816,0.015781915205522523,79.75187274737823,62.9400236458565,5.0,0.3769,0.055,1173.6974,0.0677,0.0431,3.4266,0.1702,-0.0502
23.75,21.5835,12.1,4.1804,3.1905,0.04896315487832506,0.0872621346241509,0.015447348345052913,0.01178948543079402,3.357973589363294,5.2987,4.1817,0.2785,0.051888213750756196,0.06477213350966425,0.015452152084610989,79.75187274737823,62.9400236458565,5.0,0.3752,0.0533,1173.698,0.0659,0.0431,3.3905,0.1699,-0.0503
24.0,21.8752,12.0999,4.1805,3.1476,0.04744893947324846,0.08502090770574551,0.015127566592655291,0.011389912356665899,3.322967235041329,5.2971,4.1805,0.2766,0.05026835545674888,0.0629970079598425,0.015127566592655291,79.75121364099189,62.9400236458565,5.0,0.3733,0.0516,1173.6828,0.0641,0.0431,3.3551,0.1696,-0.0504
24.25,22.1545,12.1001,4.1805,3.1051,0.04599652330440798,0.08292000240440496,0.014817265779350745,0.011005643337271139,3.2887642001552404,5.2958,4.1794,0.275,0.048717677623096756,0.06134786295725414,0.014813366965247817,79.75253185376458,62.9400236458565,5.0,0.3717,0.05,1173.7088,0.0624,0.0431,3.3205,0.1695,-0.0504
24.5,22.44,12.1,4.1804,3.0685,0.04460278552495553,0.08086485015674437,0.014516068181393435,0.01065509406147875,3.2551784794848255,5.2991,4.1821,0.2734,0.047270924155058375,0.05975256765636192,0.014521971280596473,79.75187274737823,62.9400236458565,5.0,0.37,0.0485,1173.7009,0.0608,0.0431,3.2865,0.1691,-0.0504
24.75,22.7264,12.1003,4.1803,3.026,0.04326479251633151,0.07887539426463622,0.014223955097469033,0.010296315605325287,3.2223777804661515,5.2968,4.1801,0.2717,0.045832990600100945,0.058187468427101985,0.014223274574296178,79.75385006653725,62.9400236458565,5.0,0.3683,0.0471,1173.7263,0.0592,0.0431,3.2533,0.1688,-0.0505
25.0,23.0135,12.0999,4.1802,2.9847,0.04197978491380395,0.07694894574700263,0.013940564900648541,0.009953687397484737,3.1900485456396757,5.2934,4.1776,0.2698,0.04444315869254596,0.05663072984872152,0.01393189415074622,79.75121364099189,62.9400236458565,5.0,0.3666,0.0456,1173.6946,0.0576,0.0431,3.2208,0.1686,-0.0505
